	class_true	final_prob
0	0	0.36846924
1	1	0.5444261
2	0	0.35107198
3	0	0.40964246
4	0	0.37880275
5	0	0.35826355
6	1	0.53796923
7	1	0.49322963
8	0	0.45026422
9	1	0.7082309
10	0	0.40220296
11	0	0.48181263
12	0	0.34821102
13	0	0.35471463
14	0	0.36328748
15	1	0.6459547
