{"train": {"acc": 1.0, "recalls": [1.0, 1.0], "auc": 0.9999160651334564}, "valid": {"acc": 0.9142857142857143, "recalls": [0.9090909090909091, 0.9166666666666666], "auc": 0.9507575757575757}, "test": {"acc": 0.9411764705882353, "recalls": [1.0, 0.9148936170212766], "auc": 0.9807497467071934}}