{"train": {"acc": 1.0, "recalls": [1.0, 1.0], "auc": 1.0}, "valid": {"acc": 0.9, "recalls": [1.0, 0.7777777777777778], "auc": 0.9898989898989898}, "test": {"acc": 0.9047619047619048, "recalls": [0.9523809523809523, 0.8571428571428571], "auc": 0.9591836734693877}}