{"train": {"acc": 1.0, "recalls": [1.0, 1.0], "auc": 1.0}, "valid": {"acc": 0.9047619047619048, "recalls": [1.0, 0.8], "auc": 0.9909090909090909}, "test": {"acc": 0.9487179487179487, "recalls": [1.0, 0.8888888888888888], "auc": 0.9894179894179894}}