	class_true	final_prob
0	0	0.15814029
1	0	0.28488407
2	1	0.5862138
3	0	0.16672462
4	0	0.18404934
5	0	0.17910014
6	0	0.24047746
7	1	0.7347233
8	0	0.3530902
9	0	0.28113744
10	1	0.63560843
11	1	0.4080562
12	1	0.37627375
13	0	0.17313734
14	1	0.39662126
15	1	0.54319775
16	1	0.6933298
17	1	0.53395355
18	0	0.27099872
19	1	0.503968
20	0	0.38992262
