{"train": {"acc": 1.0, "recalls": [1.0, 1.0, 1.0, 1.0]}, "valid": {"acc": 0.7142857142857143, "recalls": [1.0, 0.4444444444444444, 0.8, 0.4]}, "test": {"acc": 0.5588235294117647, "recalls": [0.9047619047619048, 0.38095238095238093, 0.5555555555555556, 0.125]}}