{"train": {"acc": 0.9872340425531915, "recalls": [0.9864864864864865, 1.0, 0.971830985915493, 1.0]}, "valid": {"acc": 0.6857142857142857, "recalls": [0.7272727272727273, 0.5555555555555556, 0.7, 0.8]}, "test": {"acc": 0.6911764705882353, "recalls": [0.8571428571428571, 0.7619047619047619, 0.3888888888888889, 0.75]}}